run,group,MCC,NPV,PPV,accuracy,auc,balancedAcc,f1,fn,fp,pr_auc,sensitivity,specificity,tn,tp
0,"('group_sub',)",-0.3125,0.6875,0.0,0.5238095238095238,0.25,0.34375,0.0,5,5,0.15414986329460012,0.0,0.6875,11,0
1,"('group_sub',)",0.01355815361366601,0.7647058823529411,0.25,0.6666666666666666,0.525,0.50625,0.2222222222222222,4,3,0.38546025869555284,0.2,0.8125,13,1
2,"('group_sub',)",-0.18136906252750293,0.7368421052631579,0.0,0.6666666666666666,0.35,0.4375,0.0,5,2,0.17292411793572784,0.0,0.875,14,0
