run,group,MCC,NPV,PPV,accuracy,auc,balancedAcc,f1,fn,fp,pr_auc,sensitivity,specificity,tn,tp
0,"('group_sub',)",nan,nan,nan,0.7083333333333334,0.5928418803418803,0.5188034188034188,0.1787830687830688,nan,nan,0.31496730121730115,0.16666666666666666,0.8709401709401708,nan,nan
1,"('group_sub',)",nan,nan,nan,0.725,0.6798076923076923,0.5991452991452991,0.33449735449735446,nan,nan,0.43902239735573073,0.35555555555555557,0.8427350427350427,nan,nan
2,"('group_sub',)",nan,nan,nan,0.7208333333333333,0.6383547008547008,0.5867521367521368,0.33699855699855696,nan,nan,0.3836713132546466,0.35000000000000003,0.8235042735042736,nan,nan
